class,dist1,dist2,dist3,dist4,dist5,dist6,dist7,dist8,dist9,dist10,dist11,dist12,dist13,dist14,dist15,dist16,dist17,dist18,dist19,dist20,dist21,dist22,dist23,dist24,dist25,dist26,dist27,dist28,dist29,dist30,dist31,dist32,dist33,dist34,dist35,dist36,dist37,dist38,dist39,dist40,dist41
=(,3.5183222362565707,0.4033994322371978,0.8091109435533169,7.164538046809908,0.14292205726490884,6.91925163818062,15.942916162366163,25.417291416838317,26.102436716396383,30.77044094828886,31.681244754209033,50.93031486436769,17.870494477614514,19.43990972682169,26.984069437337144,27.7554143458825,33.70223971260122,30.455481856078926,44.09958738546659,12.353101572049276,10.755093881128595,11.24485812463302,14.830376763725212,21.126050171777038,60.220428333873464,31.77049874761817,0.8091109435533169,8.581317716700635,12.5182426997208,62.220237389522595,38.61647555234566,7.862119583343093,12.74101762614635,62.98150756854094,39.412445611135325,19.210808800954794,70.75917992911904,45.80365671389418,56.159513564435784,39.80586250056854,34.88196369511133
=o,4.562074576703196,0.18472122532257715,0.2842843844352392,7.721513297534767,0.05052805994747506,4.9815305116334825,15.210816316474576,22.559054320075887,22.719758979214504,28.058342018839706,31.647536835054485,55.104519189716136,18.172891607719933,19.747395238959513,25.59619392210413,25.792889164174365,32.16986870174542,32.54726213340629,50.33640801353688,13.967467436498918,11.900116489368093,11.880936254416438,13.261193028404477,26.348437699624654,66.87227866212814,33.383694348133346,0.2842843844352392,10.377254560425284,15.327745842194936,65.24836421429019,39.41682686603355,10.100171548317894,15.488487502775072,65.53249953280599,39.625870056102976,23.964668450849313,75.33569164780025,46.08827344818921,58.55198082168715,44.42624503276839,43.88337571904954
